"","p_val","avg_log2FC","pct.1","pct.2","p_val_adj"
"Hsp70Bc",0,-5.95107387252976,0.016,0.488,0
"stv",1.03981377987046e-293,-2.34268687714111,0.462,0.915,1.3036145358236e-289
"Jon99Cii",5.82485700969633e-267,-2.827098779396,0.163,0.67,7.30262323305629e-263
"lncRNA:alphagamma-element:CR32865",9.55832621645488e-260,-3.20160418321469,0.263,0.747,1.19832735775695e-255
"LysD",1.19161598780565e-215,-2.73190418269075,0.134,0.568,1.49392896391195e-211
"rdgA",2.29553440329517e-168,1.20988113866367,0.974,0.828,2.87791148141116e-164
"Jon25Biii",6.99351096233807e-149,-4.64162724242304,0.009,0.189,8.76776469348324e-145
"DnaJ-1",1.66446492486875e-135,-2.22821385969843,0.172,0.523,2.08673967630795e-131
"CG12374",2.62229813579964e-131,-2.66617652915761,0.07,0.349,3.28757517285201e-127
"Cp36",2.43179748774817e-124,-1.90692987929755,0.169,0.514,3.04874451038988e-120
"mwh",7.74514674470807e-115,-3.02131110696519,0.04,0.255,9.71009047384051e-111
"Cp15",1.23254945946815e-106,-1.22679870823069,0.568,0.833,1.54524725733522e-102
"CG15309",2.36031518069626e-102,-2.3647354714293,0.071,0.312,2.95912714203891e-98
"CG11911",1.9771818047648e-101,-3.39532355985845,0.019,0.18,2.47879282863363e-97
"CG6767",1.6028550289333e-97,1.33056115393262,0.81,0.529,2.00949934977368e-93
"CG4928",8.11643274832345e-95,1.07687800150527,0.914,0.73,1.01755717365731e-90
"Hsp70Bb",4.57624683624513e-94,-2.88347935744901,0.047,0.245,5.73724065860052e-90
"Prm",8.59253485414748e-91,1.45272492242335,0.72,0.408,1.07724609466447e-86
"Cp19",9.61738534392707e-91,-1.77949296500243,0.191,0.486,1.20573160056814e-86
"Jon99Fii",2.27462239630482e-88,-3.70686752554202,0.012,0.14,2.85169409824735e-84
"Ttd14",2.03772136948264e-87,1.11123569697793,0.855,0.62,2.55469128092039e-83
"REPTOR",4.38017383759355e-80,-1.17814376167942,0.467,0.741,5.49142394019103e-76
"CG4291",7.30749181131275e-80,6.4111269796683,0.322,0.006,9.1614024838428e-76
"RpL41",4.29513352981518e-79,-1.1896424634946,0.461,0.725,5.38480890632929e-75
"Jon99Fi",8.7588456241783e-77,-2.3107373767582,0.064,0.26,1.09809647590323e-72
"lncRNA:CR43836",7.56191808528089e-71,1.54094419984461,0.598,0.271,9.48037670351665e-67
"Octalpha2R",1.50173692621708e-67,-1.61096046841497,0.187,0.439,1.88272758439836e-63
"CG5830",3.08905814080239e-64,1.84148226246802,0.48,0.171,3.87275219112396e-60
"Vm26Aa",8.19513356916225e-61,-1.19831826290371,0.379,0.621,1.02742389556587e-56
"Hsp26",3.97959800079548e-60,-1.7220736419429,0.146,0.365,4.98922201359729e-56
"LysB",2.2901488628496e-59,-2.52454276335741,0.028,0.155,2.87115962935455e-55
"lncRNA:CR34335",5.9228420093209e-59,-0.6009931516378,0.847,0.96,7.42546702708562e-55
"GstD1",3.0744637854192e-57,-1.31797534579044,0.278,0.521,3.85445524778005e-53
"Nlg1",2.18226129305938e-56,0.970520903503417,0.759,0.523,2.73590098310854e-52
"Cp38",6.76579609823055e-55,-1.74007512458071,0.106,0.298,8.48227856835164e-51
"lncRNA:Hsromega",7.79559888865072e-54,-0.490514020445405,0.944,0.976,9.77334232670141e-50
"Hsp70Ab",4.04289787758551e-53,-1.82221367340147,0.121,0.312,5.06858106912895e-49
"sals",1.03456657830561e-52,0.848004691741246,0.792,0.579,1.29703611922175e-48
"RpLP1",7.65471034669629e-52,-1.26819727238887,0.272,0.494,9.59671036165314e-48
"CG10077",3.66731996680597e-51,0.865543315821536,0.783,0.573,4.59771904238465e-47
"bru1",1.03995979087205e-46,0.73155955662861,0.916,0.818,1.30379758981628e-42
"Lk6",1.02965532921679e-44,-0.729670334817473,0.704,0.836,1.29087888623908e-40
"CG7720",1.44839201003632e-44,0.528798994458197,0.962,0.861,1.81584906298253e-40
"CG15617",1.91053920716742e-44,2.60487921523088,0.308,0.082,2.39524300402579e-40
"Hsp83",3.60741665564819e-44,-1.1281108391926,0.408,0.595,4.52261826118613e-40
"Usp2",6.72722947134334e-44,0.666024136221659,0.863,0.717,8.43392758822314e-40
"AP-1gamma",6.15344349751844e-43,1.54048097776957,0.405,0.158,7.71457211283887e-39
"Sema1b",9.93931264895823e-43,2.22644219409066,0.331,0.104,1.24609162679989e-38
"Yp2",1.14939090235859e-42,-0.951276443772882,0.418,0.613,1.44099137428697e-38
"w",7.24233379404612e-41,-2.63202225045638,0.034,0.141,9.07971387759562e-37
"Xrp1",2.08844013376214e-40,0.816271753130208,0.751,0.554,2.6182773956976e-36
"CanA1",3.6091133219128e-40,0.983223526637623,0.624,0.395,4.52474537168208e-36
"Vm34Ca",9.5411346269673e-40,-0.778715033371191,0.562,0.727,1.19617204818289e-35
"Hsp68",2.23226134512602e-39,-2.6725850931863,0.033,0.136,2.7985860483845e-35
"CG32369",5.79144599819637e-39,-1.13829914385364,0.234,0.433,7.26073584793879e-35
"Pfk",1.23995075828865e-38,1.03038638871553,0.58,0.353,1.55452626566648e-34
"cwo",1.36646418608709e-38,-1.50811244583593,0.154,0.327,1.71313615009739e-34
"RpS27",6.33280930863847e-38,-1.03032723780552,0.308,0.501,7.93944303024004e-34
"unc-13",8.40598633004429e-38,-2.45772088908345,0.058,0.181,1.05385850619765e-33
"lncRNA:CR44754",1.72682381119811e-37,1.12270798396862,0.508,0.277,2.16491901209907e-33
"CG11791",6.24245494800781e-36,-1.25217373630765,0.226,0.402,7.8261657683174e-32
"CG43134",6.85561593531969e-36,-1.49347802580458,0.127,0.283,8.5948856981103e-32
"CaMKI",8.5686205069727e-36,0.949982080005167,0.592,0.365,1.07424795295917e-31
"CG32264",1.74332838080058e-35,0.976820564959796,0.624,0.425,2.18561079100969e-31
"h",2.3987984517719e-35,1.47340253907286,0.377,0.161,3.00737361898643e-31
"Tm1",4.79835396010472e-35,0.86932798471938,0.64,0.436,6.01569635978329e-31
"RpLP2",7.52951510069313e-35,-0.739133419942381,0.516,0.686,9.43975308173898e-31
"CG10472",1.44318356477082e-34,-1.62889120212428,0.081,0.215,1.80931923515318e-30
"HDAC4",5.41658107332768e-34,1.39356487130473,0.37,0.158,6.79076769163091e-30
"RpL14",7.53647875706199e-34,-0.937887034198528,0.359,0.537,9.44848341772861e-30
"RpS2",1.62824573036976e-33,-0.990362034277027,0.33,0.501,2.04133167216457e-29
"CG3500",1.37889576266063e-32,3.89467424543093,0.174,0.017,1.72872161764763e-28
"Mthfs",1.87991662545332e-32,2.75641978199082,0.2,0.033,2.35685147333083e-28
"Yp1",6.87463859814787e-32,-0.67659915657332,0.578,0.722,8.61873441049798e-28
"CG17571",9.77124042936222e-32,-2.16977171587227,0.028,0.113,1.22502041262914e-27
"Cp16",3.90917833875334e-31,-1.43042151955257,0.111,0.249,4.90093688329506e-27
"RpS29",1.62012104140892e-30,-1.01014735159972,0.281,0.453,2.03114574961437e-26
"yip7",2.21676292585104e-30,-0.989480606701786,0.278,0.447,2.77915568013945e-26
"RpL27A",4.43992374342481e-30,-0.721997671353847,0.499,0.644,5.56633239713169e-26
"Eip63F-1",6.93415955352726e-30,2.00672239975064,0.231,0.06,8.69335583225713e-26
"CG32647",8.01535041899225e-30,1.00438534430485,0.507,0.299,1.00488448202906e-25
"Jon65Aiv",1.08003196769209e-29,-0.878583092520027,0.31,0.484,1.35403607789557e-25
"CG3764",1.41851427701698e-29,1.6190553557687,0.295,0.109,1.77839134909618e-25
"Jon99Ciii",1.73507937614134e-29,-1.68057625286221,0.056,0.163,2.17526901386839e-25
"CG34417",4.55202335809395e-29,0.788070328300946,0.652,0.469,5.70687168404238e-25
"RpL37a",8.00992144206769e-29,-1.03707660507949,0.275,0.438,1.00420385119203e-24
"CG9005",8.36987845866125e-29,-0.645705086135392,0.644,0.769,1.04933166236236e-24
"RpS9",3.14824873042909e-28,-0.749277415428148,0.43,0.592,3.94695943333895e-24
"Thor",1.27586341774827e-27,1.49964210942381,0.576,0.448,1.59954996683101e-23
"RpL27",1.84726639476406e-27,-0.902089998043055,0.311,0.472,2.3159178791157e-23
"CG14662",4.57148033929665e-27,3.2962206755197,0.143,0.012,5.73126490137622e-23
"RpS27A",6.02378185836545e-27,-0.758100053985993,0.481,0.624,7.55201531583277e-23
"RpL7",7.0711146425692e-27,-0.877142141449644,0.321,0.482,8.865056427389e-23
"SCAP",1.92365300488173e-26,1.02184909696011,0.428,0.236,2.41168377222022e-22
"Atpalpha",2.48230279448288e-26,0.63098524618341,0.714,0.559,3.11206301344319e-22
"RpS8",3.68994341593633e-26,-0.750403011165061,0.48,0.624,4.62608206055938e-22
"Hr38",1.52662110546742e-25,-0.917926484924701,0.279,0.439,1.91392487992451e-21
"RpS15",1.54237783733422e-25,-0.757154696831651,0.392,0.553,1.93367909466591e-21
"RpL36A",1.7435067821472e-25,-0.949573570927833,0.277,0.431,2.18583445277795e-21
"MFS17",8.21930890195338e-25,0.692932321224044,0.578,0.381,1.0304547570379e-20
"sta",9.75937850349671e-25,-0.725451059477819,0.442,0.588,1.22353328298338e-20
"RpS10b",1.00451751316611e-24,-0.779559848743137,0.334,0.485,1.25936360625635e-20
"RpS16",1.21760951596067e-24,-0.779507714412467,0.392,0.539,1.52651705015989e-20
"RpL23",2.40343187151897e-24,-0.748074519019055,0.444,0.583,3.01318253732333e-20
"Hsc70Cb",2.59368000413559e-24,-1.51819994790714,0.112,0.232,3.25169662118479e-20
"RpS3",3.0247013266264e-24,-0.925530055411192,0.283,0.435,3.79206805319151e-20
"Bace",3.05630179613359e-24,-1.32265524788405,0.084,0.195,3.83168556181268e-20
"asRNA:CR44168",4.06633024646275e-24,4.27633913208876,0.126,0.01,5.09795822999034e-20
"RpS28b",5.21977331971688e-24,-1.01667658685319,0.217,0.359,6.54402981092905e-20
"sbb",5.27796918409206e-24,0.586182961643536,0.742,0.617,6.61698996609622e-20
"RpL10Ab",6.47017398825242e-24,-0.795680623559104,0.337,0.483,8.11165712907206e-20
"Yp3",1.47406073099366e-23,-0.571891056391618,0.572,0.699,1.84802993844675e-19
"Hk",2.49582691865241e-23,1.16286358870652,0.333,0.162,3.12901820791452e-19
"CG34423",3.59185280128372e-23,0.934494134372633,0.477,0.297,4.5031058569694e-19
"RpL12",6.2987748819896e-23,-0.783663252747835,0.346,0.498,7.89677406955036e-19
"RpS12",6.51272343236803e-23,-0.714362862006855,0.42,0.568,8.1650013671598e-19
"RpL37A",6.61514753660347e-23,-1.02503277779996,0.191,0.329,8.29341046663977e-19
"gish",7.34806597947153e-23,0.699281414103436,0.592,0.42,9.21227031846346e-19
"RpS20",8.8191824777174e-23,-0.732876812425831,0.345,0.491,1.10566090723143e-18
"RpL18A",9.24414056119717e-23,-0.745544642504803,0.375,0.53,1.15893790215729e-18
"RpS7",9.93002175749177e-23,-0.772719291895474,0.395,0.527,1.24492682773674e-18
"FER",1.06447037411028e-22,0.591753531208303,0.709,0.555,1.33452650802206e-18
"Tao",1.12416281766232e-22,0.754757968601089,0.525,0.339,1.40936292450326e-18
"RpS26",1.62708522811438e-22,-0.855853587573701,0.265,0.412,2.039876750487e-18
"Kua",2.12965353303264e-22,1.90759703656032,0.183,0.05,2.66994663436302e-18
"Amph",2.21493965847706e-22,0.638795076959987,0.659,0.5,2.7768698498327e-18
"tmod",2.29962223602205e-22,0.491335477326813,0.822,0.707,2.88303639730085e-18
"RpS18",2.81855902323098e-22,-0.704041876387101,0.388,0.54,3.53362744742469e-18
"mt:ATPase6",2.85924689783738e-22,-0.599309191441629,0.591,0.716,3.58463783581872e-18
"betaTry",3.01987353928046e-22,1.23945669139648,0.298,0.136,3.78601545619591e-18
"RpS11",3.78299357508935e-22,-0.809723757083777,0.39,0.523,4.74273904508952e-18
"CG7378",4.25930827563818e-22,0.671049023679758,0.637,0.477,5.33989478516759e-18
"Strn-Mlck",8.3114937670951e-22,0.640824394976777,0.686,0.547,1.04201197358071e-17
"CG7530",8.97436701944012e-22,0.822865773946881,0.465,0.289,1.12511639322721e-17
"CG31145",1.57459811738521e-21,0.579829414345367,0.683,0.521,1.97407365976584e-17
"Hsp27",1.78705358686627e-21,-1.40748753353359,0.117,0.231,2.24042908185424e-17
"bt",2.06139493909978e-21,0.264540247137522,0.999,0.999,2.5843708351494e-17
"CG33229",4.37546283225418e-21,-0.810285993206499,0.375,0.507,5.48551775279707e-17
"RpS21",4.929717424141e-21,-0.890042183473245,0.281,0.42,6.18038673464557e-17
"CG12769",7.50109321999141e-21,-1.56115355052829,0.051,0.134,9.40412056990323e-17
"rdgC",9.59955838504853e-21,2.89567666142152,0.127,0.018,1.20349663473353e-16
"RpL28",1.22248916729074e-20,-0.668961470398371,0.444,0.573,1.5326346690324e-16
"mt:CoII",1.40663248445868e-20,-0.471491135853827,0.578,0.715,1.76349514576585e-16
"Vm26Ab",1.7966422230433e-20,-0.890137264258027,0.282,0.419,2.25245035502939e-16
"mt:CoIII",2.10666544597975e-20,-0.484842837566323,0.673,0.778,2.64112646962482e-16
"CG42240",4.29684790043151e-20,1.13413448590195,0.336,0.182,5.38695821277098e-16
"Hsc70-5",1.14597910138743e-19,-1.40383269853689,0.061,0.147,1.43671399940942e-15
"Ca-Ma2d",1.25127865800267e-19,-1.35862493240089,0.065,0.154,1.56872805353794e-15
"LpR1",1.30267579480234e-19,0.924686283017193,0.382,0.224,1.63316464394369e-15
"eEF1alpha1",1.85455865825877e-19,-0.362931830949459,0.798,0.868,2.32506018985903e-15
"Svil",2.10437525764821e-19,0.445554805780668,0.848,0.751,2.63825526051356e-15
"l(1)G0289",2.84459204845266e-19,1.24197709631249,0.298,0.151,3.5662650511451e-15
"RpL35A",6.46415832543315e-19,-0.818632041205134,0.301,0.423,8.10411529259554e-15
"RpL21",1.54789458352841e-18,-0.651183891513398,0.38,0.512,1.94059543936957e-14
"l(2)01289",2.00275121304181e-18,0.510359508005672,0.742,0.626,2.51084919579052e-14
"Cp18",2.44777558451732e-18,-0.885108680268026,0.158,0.275,3.06877625030937e-14
"TpnC4",3.04362375616076e-18,1.13753738077547,0.31,0.161,3.81579110309875e-14
"lncRNA:CR31781",3.77463223085203e-18,0.525586429805721,0.705,0.569,4.7322564278192e-14
"CG5399",4.23855491775732e-18,1.14437797693137,0.248,0.11,5.31387630039235e-14
"CG4461",9.15999913301276e-18,-1.04767830308504,0.104,0.204,1.14838909130581e-13
"Plp",1.57427574246277e-17,-0.55873489017476,0.361,0.5,1.97366949832557e-13
"RpL34b",1.64932206731574e-17,-0.772196128155282,0.301,0.42,2.06775507579375e-13
"RpS4",2.15814779530353e-17,-0.63292094029978,0.423,0.543,2.70566989097203e-13
"Pcf11",2.84304281597968e-17,-0.550409609875842,0.524,0.633,3.56432277839373e-13
"fok",4.60324538827209e-17,1.62841636921484,0.173,0.06,5.77108874327672e-13
"RpL18",6.87775836949613e-17,-0.722125203148024,0.302,0.426,8.6226456678373e-13
"jim",7.46734890257812e-17,0.623557888063669,0.524,0.374,9.36181531916218e-13
"HmgD",7.79220327790726e-17,-1.03283995761829,0.125,0.227,9.76908524951233e-13
"toc",9.98692323887900e-17,1.09745429822466,0.279,0.145,1.25206056645826e-12
"CG32425",1.11985264046255e-16,-0.872650246921571,0.162,0.276,1.4039592553479e-12
"fabp",1.27795637377417e-16,-1.17593562030765,0.082,0.17,1.60217390580068e-12
"RpLP0",1.34242924678765e-16,-0.717038322222388,0.313,0.438,1.68300354669767e-12
"RpL36",1.59899378867026e-16,-0.620501034966671,0.357,0.487,2.00465851285591e-12
"Sobp",3.14151916434991e-16,1.29443979334607,0.214,0.095,3.93852257634549e-12
"sesB",4.11285268751633e-16,-0.619982105454108,0.382,0.505,5.15628341433923e-12
"Cln3",4.29552014113019e-16,0.712684346947443,0.457,0.301,5.38529360093492e-12
"CG13323",8.81949500206117e-16,1.65821962982318,0.148,0.046,1.10570008840841e-11
"RpL32",1.2163111791521e-15,-0.588323700954547,0.423,0.545,1.52488932530298e-11
"CanA-14F",1.31082850996936e-15,1.077515808829,0.25,0.125,1.64338570294859e-11
"Shrm",1.47046118057422e-15,1.67448189480803,0.146,0.046,1.8435171820859e-11
"alphaTry",1.5597818656477e-15,-0.665722291644831,0.304,0.421,1.95549852496252e-11
"RpL7A",1.57450084707254e-15,-0.671486245282185,0.367,0.477,1.97395171197484e-11
"RpS25",1.75011534962812e-15,-0.582049763628775,0.445,0.557,2.19411961382877e-11
"PRL-1",1.79961564305591e-15,-0.962421356621065,0.192,0.298,2.25617813169919e-11
"RpS14a",2.17230215895771e-15,-0.999453635147412,0.192,0.293,2.72341521668528e-11
"pHCl-1",2.44414919204182e-15,0.460802138134235,0.84,0.793,3.06422984206283e-11
"flw",2.91289245997683e-15,0.933080410802811,0.309,0.177,3.65189327707295e-11
"scyl",4.05810172141788e-15,1.07919825720377,0.353,0.221,5.0876421281416e-11
"CG42390",4.1358717538556e-15,1.14127745945949,0.226,0.107,5.18514241780876e-11
"RpS15Aa",5.78341748280743e-15,-0.745577660433491,0.218,0.331,7.25067049819567e-11
"CG32982",6.85479538947939e-15,0.677782807836429,0.465,0.33,8.5938569797903e-11
"CG4080",8.37629217176051e-15,-0.964410413582138,0.156,0.256,1.05013574957362e-10
"CG33521",9.45633897274318e-15,0.838397690959944,0.36,0.225,1.18554121701281e-10
"RpL8",9.51413694865823e-15,-0.533481171948845,0.418,0.537,1.19278734925328e-10
"RpL26",9.73708485803052e-15,-0.634488423999547,0.412,0.521,1.22073832865129e-10
"CG2003",2.72723679043608e-14,0.827405392291862,0.274,0.149,3.41913676416972e-10
"RpL31",2.86133681664781e-14,-0.681499744755251,0.328,0.441,3.58725796703136e-10
"CG45080",3.18941767881289e-14,-0.689407180865221,0.283,0.395,3.99857294392772e-10
"RpS23",3.35616938375309e-14,-0.558454459746792,0.407,0.522,4.20762955641125e-10
"CG14645",3.51923472105165e-14,0.588973557116818,0.394,0.245,4.41206456978245e-10
"RpL39",5.84016556027468e-14,-0.685536130265665,0.309,0.416,7.32181556291636e-10
"RpS6",1.10038593628023e-13,-0.645012711436596,0.304,0.413,1.37955384831452e-09
"up",1.10740438246944e-13,0.366802621623693,0.847,0.811,1.38835287430194e-09
"Nna1",1.11558423541596e-13,1.20464340258712,0.194,0.089,1.39860795594099e-09
"clumsy",1.31289470816555e-13,-0.676030380568549,0.298,0.402,1.64597609562715e-09
"l(1)G0196",1.43241383678339e-13,0.825130869916368,0.272,0.151,1.79581722717533e-09
"RpL13A",1.44059543181807e-13,-0.505558505731442,0.442,0.542,1.80607449287031e-09
"Ran",1.527951333808e-13,-1.02194301013587,0.116,0.203,1.91559258719509e-09
"RpL23A",1.68978179339918e-13,-0.643922915567157,0.329,0.434,2.11847943438455e-09
"CG32121",1.76639568087772e-13,0.590424168566613,0.514,0.382,2.2145302651164e-09
"RpS17",1.78993045797586e-13,-0.676168922839635,0.325,0.425,2.24403581516433e-09
"RpL19",2.07408976749459e-13,-0.563457067268338,0.453,0.548,2.60028634150797e-09
"lcs",2.09395116410755e-13,-0.813272994635819,0.224,0.327,2.62518657444164e-09
"ATP8B",2.63578546655732e-13,0.881755537289441,0.236,0.121,3.30448423942291e-09
"RpL35",3.13189129416416e-13,-0.657823650438907,0.275,0.38,3.92645211549361e-09
"RpL38",3.20968608786387e-13,-0.862712729987762,0.175,0.273,4.02398344835494e-09
"RpS3A",3.44522314634777e-13,-0.592878116257468,0.38,0.48,4.3192762585762e-09
"mew",6.20935881551148e-13,1.05717740020458,0.197,0.092,7.78467314700674e-09
"CG46385",6.33968975211789e-13,0.258319845186249,0.946,0.9,7.9480690422302e-09
"CG33170",6.86705319552956e-13,-0.877542730797395,0.139,0.229,8.60922459123541e-09
"lncRNA:CR45054",6.87320308125511e-13,-0.316601024612753,0.827,0.879,8.61693470296953e-09
"RpL6",7.47252976463293e-13,-0.546331637001562,0.441,0.535,9.36831056592031e-09
"Pits",8.0812503304208e-13,-0.946943297684337,0.111,0.197,1.01314635392486e-08
"norpA",8.51885288264597e-13,0.91099616628358,0.234,0.122,1.06800858589733e-08
"htl",9.7275187236415e-13,-1.21594854937144,0.056,0.12,1.21953902238294e-08
"nrv2",1.10489943065846e-12,1.440865764015,0.142,0.053,1.38521241621651e-08
"Ank2",1.19864620210758e-12,0.975144683791356,0.241,0.129,1.50274274358228e-08
"Syt7",1.85739998253518e-12,1.32830477544205,0.149,0.06,2.32862235810436e-08
"cic",2.72389179882226e-12,-0.527656308440331,0.37,0.469,3.41494314818346e-08
"awd",3.41781034068935e-12,-0.727968968446342,0.246,0.345,4.28490882412224e-08
"RpL13",4.00838787785478e-12,-0.632996166686246,0.376,0.467,5.02531588246653e-08
"CG44422",5.13637301510026e-12,0.932899240211071,0.255,0.145,6.43947084903119e-08
"cype",9.10448206818573e-12,-0.591820580151627,0.273,0.376,1.14142891688845e-07
"CG16779",9.33651622798169e-12,0.887373474806481,0.266,0.158,1.17051903950206e-07
"Sh",1.02072730314027e-11,0.912904621942494,0.287,0.177,1.27968581994696e-07
"Rim2",1.02475872778531e-11,0.673129454264131,0.326,0.204,1.28474001702444e-07
"Pdp1",1.04433636858284e-11,0.28784343620724,0.887,0.835,1.30928450529231e-07
"Ephrin",1.42181718962715e-11,-0.838838858199922,0.164,0.251,1.78253221063555e-07
"RpL40",1.47701301104583e-11,-0.737915467788233,0.216,0.308,1.85173121194815e-07
"Thd1",1.93575374428219e-11,-0.491230782379738,0.417,0.51,2.42685446920658e-07
"Rack1",2.05469339845101e-11,-0.659956673574224,0.253,0.349,2.57596911363803e-07
"RpS13",2.13511801734254e-11,-0.586046013124064,0.311,0.409,2.67679745834234e-07
"Fer1HCH",2.20002605766634e-11,-0.817544159674011,0.339,0.43,2.75817266849629e-07
"foxo",2.68108125856863e-11,0.610381049882192,0.381,0.262,3.3612715738675e-07
"Ca-beta",2.91981574106161e-11,0.600117541379581,0.384,0.26,3.66057299456895e-07
"wupA",3.1539322489091e-11,0.567794084880298,0.476,0.35,3.95408486045733e-07
"IscU",3.30229025922549e-11,-0.668276662284433,0.279,0.368,4.14008129799099e-07
"CG45050",3.80053229264939e-11,-0.304096660813803,0.836,0.883,4.76472733529454e-07
"lncRNA:CR43334",3.86679453826296e-11,0.451851876773691,0.586,0.455,4.84780031262027e-07
"myo",4.1107952054215e-11,-0.577091995133197,0.373,0.467,5.15370394903693e-07
"mt:Cyt-b",5.54425548498769e-11,-0.457450134991772,0.462,0.564,6.95083310152907e-07
"salm",6.12925051002598e-11,0.526480689314663,0.616,0.514,7.68424136441957e-07
"Npl4",6.37298567620112e-11,-0.592002743858152,0.364,0.455,7.98981214225334e-07
"CG17514",6.49763806863805e-11,-0.479549561727122,0.5,0.583,8.14608884665153e-07
"SNF4Agamma",1.04145538314159e-10,0.325325145482969,0.853,0.784,1.30567261384462e-06
"lncRNA:CR44831",1.10350200043675e-10,1.05002072323574,0.177,0.089,1.38346045794755e-06
"nuf",1.14193809184229e-10,0.340517857209106,0.684,0.561,1.43164778574268e-06
"RpL17",1.53766288122911e-10,-0.527545853018028,0.443,0.528,1.92776795419694e-06
"eEF5",2.11004736869995e-10,-0.743398943857177,0.206,0.294,2.64536638613913e-06
"CG18135",2.14591576163601e-10,0.51035487616922,0.545,0.431,2.69033459036306e-06
"l(3)05822",2.54566052013019e-10,-0.678281393454116,0.194,0.281,3.19149459408722e-06
"RpL24",2.55834506249684e-10,-0.564411284706873,0.413,0.499,3.20739720485229e-06
"Sin3A",3.07977109771266e-10,-0.688494509370093,0.231,0.318,3.86110902520237e-06
"Pka-R1",3.71687513827509e-10,1.10629330803027,0.154,0.073,4.65984636085547e-06
"fru",5.88861188973568e-10,0.783731882432967,0.187,0.099,7.38255272616162e-06
"Nak",7.01357602106108e-10,1.06939562903581,0.163,0.081,8.79292025760427e-06
"Chchd2",8.1748126616769e-10,-0.260562029203032,0.422,0.53,1.02487626339443e-05
"mnb",1.25985368575345e-09,1.02110849571358,0.154,0.075,1.57947856582911e-05
"CG10311",1.27398434873297e-09,0.768493175944113,0.257,0.162,1.59719417800653e-05
"dhd",1.2903645143499e-09,-0.604387051229918,0.222,0.311,1.61772999164047e-05
"Atet",1.3931740811046e-09,-0.669523438100224,0.178,0.261,1.74662234548084e-05
"Cals",1.39720532543933e-09,-0.590719823574704,0.257,0.344,1.75167631650329e-05
"Cyt-c-p",1.63748698769486e-09,-0.582713826964604,0.269,0.357,2.05291743647304e-05
"Mef2",1.66434028393249e-09,0.317265448319987,0.598,0.473,2.08658341396616e-05
"mub",1.76328402583743e-09,0.419670352984051,0.591,0.488,2.21062918319238e-05
"Sh3beta",1.77314953369639e-09,0.535643478433594,0.377,0.268,2.22299757039516e-05
"LUBEL",3.32481499089233e-09,1.08994427228783,0.128,0.057,4.16832055408171e-05
"CG44085",3.90478416227044e-09,0.74574395646159,0.196,0.11,4.89542790423845e-05
"CG41378",3.92371729738158e-09,0.635630125362191,0.414,0.311,4.91916437572729e-05
"sgg",4.28445735720973e-09,0.286222628990513,0.821,0.767,5.37142418873384e-05
"Asator",4.28938845955204e-09,0.294834749561734,0.743,0.657,5.37760631174039e-05
"RpL5",4.33737682314509e-09,-0.414508460675603,0.428,0.514,5.437769323177e-05
"Cp110",4.51984353982829e-09,0.800194880999135,0.194,0.11,5.66652784588273e-05
"hfp",4.75466728283304e-09,0.473596753585062,0.389,0.273,5.96092637248778e-05
"RpL30",5.66087080223915e-09,-1.01695579819422,0.088,0.149,7.09703372476722e-05
"Ald1",6.02905300132726e-09,0.277958891093295,0.805,0.741,7.55862374776398e-05
"Miro",6.11549921666735e-09,0.703255106716915,0.215,0.126,7.66700136793586e-05
"Frq2",7.06406845971126e-09,0.30919935516663,0.631,0.513,8.85622262794001e-05
"RpS24",7.0752472939102e-09,-0.789702361510425,0.217,0.293,8.87023753237522e-05
"tun",8.23704612363786e-09,0.804224221513163,0.209,0.125,0.000103267847252048
"RyR",8.98188438757274e-09,0.449423622341956,0.43,0.324,0.000112605884566999
"MESR6",9.6222184320047e-09,0.899979058795004,0.169,0.09,0.000120633752482043
"Trf4-1",9.70484987869513e-09,-0.844375681262176,0.11,0.177,0.000121669702929201
"Nacalpha",9.72868944316698e-09,-0.708986271141082,0.172,0.248,0.000121968579548984
"lost",1.01632863287772e-08,-0.746139782835821,0.159,0.233,0.00012741712070388
"CG9775",1.06450951737912e-08,-0.950777426821982,0.086,0.144,0.00013345755819382
"Vm32E",1.07162558393723e-08,-0.935493045341137,0.092,0.152,0.00013434969945821
"RpS5b",1.1331100552067e-08,-0.741185785979325,0.106,0.174,0.000142058007621264
"crp",1.15690870154624e-08,-0.410517298724597,0.39,0.47,0.000145041643912852
"whe",1.165868243329e-08,-0.616965086857503,0.231,0.313,0.000146164901666157
"Tctp",1.27181187794224e-08,-0.807331356832003,0.163,0.234,0.000159447055137618
"Cln7",1.35224449072915e-08,-0.934927932854644,0.101,0.164,0.000169530891802714
"Pih1D1",1.44426119455521e-08,0.949172225058187,0.128,0.059,0.000181067025961387
"sog",1.47507864143042e-08,0.7373084813133,0.308,0.215,0.000184930609276132
"CG10383",1.53969061527333e-08,1.23343199023678,0.262,0.18,0.000193031012436818
"vg",2.24370804810525e-08,0.453211387144496,0.402,0.292,0.000281293677990956
"mamo",2.26060531745594e-08,0.283720717936686,0.848,0.815,0.000283412088649451
"Hr39",2.28202295004372e-08,-0.701074623707046,0.134,0.203,0.000286097217246981
"hdc",2.35497495597324e-08,0.811564952613814,0.183,0.105,0.000295243210230365
"Dad",2.39928692375971e-08,-0.958135140239467,0.115,0.179,0.000300798601631754
"CG2852",3.81854413583213e-08,-0.887516650992018,0.129,0.193,0.000478730878309275
"Xbp1",5.55164787975416e-08,-0.701468760769987,0.152,0.221,0.000696010094684779
"pum",7.32856307364506e-08,-0.463269371241482,0.554,0.611,0.000918781952542882
"Smg5",8.86939102043447e-08,-0.828394311012581,0.082,0.137,0.00111195555223187
"Rdh",9.62232284874209e-08,-0.787435237703078,0.123,0.186,0.0012063506155468
"CG3198",9.67515979097925e-08,0.307470093933421,0.769,0.691,0.00121297478299507
"CG18067",9.69020316019079e-08,1.21367294921,0.176,0.105,0.00121486077019312
"Alas",9.88920170258589e-08,-0.608903260182974,0.19,0.262,0.00123980921745319
"CG12535",1.15950718886925e-07,1.09910884830395,0.121,0.059,0.00145367416268538
"wgn",1.2742313647222e-07,0.841571473361413,0.128,0.065,0.00159750386195223
"CG31038",1.48307254801601e-07,0.714206435449644,0.221,0.141,0.00185932805344768
"CG5171",1.48973755173014e-07,0.959510761352305,0.136,0.072,0.00186768396860407
"mura",1.5018910954131e-07,0.514451201309892,0.33,0.237,0.0018829208663194
"Rab11",1.57541652247336e-07,0.687179252977988,0.226,0.145,0.00197509969422485
"Cks85A",1.77991329858213e-07,1.04345390671603,0.126,0.064,0.00223147730243241
"HnRNP-K",1.79574798000895e-07,0.984980991922432,0.136,0.072,0.00225132924253722
"jp",2.37518878791173e-07,0.651261649840225,0.234,0.154,0.00297777418340493
"Asph",2.44217981432152e-07,-0.315288038504792,0.484,0.553,0.00306176083321489
"sbr",2.44536895227284e-07,0.4670588052363,0.379,0.285,0.00306575905546446
"CG14655",2.51208233973508e-07,0.981476885722802,0.131,0.068,0.00314939762932588
"CG10365",2.8190933421878e-07,0.385078006997185,0.719,0.682,0.00353429732310084
"simj",2.9316556844884e-07,-0.409345254919724,0.488,0.555,0.0036754167316431
"IM4",3.07643292146177e-07,1.1094681445518,0.103,0.047,0.00385692395363663
"dsx",3.6617426746813e-07,0.439328452075132,0.407,0.315,0.00459072679124794
"Atf3",3.82579162718442e-07,0.756791038319045,0.175,0.105,0.00479639496300111
"CG7766",3.88943764068264e-07,0.34409298500858,0.564,0.471,0.00487618797012383
"RpS19a",4.16080296273004e-07,-0.521641347043563,0.293,0.366,0.00521639867437465
"PNUTS",4.50342284104343e-07,-0.250805707043147,0.623,0.694,0.00564594121581615
"Cyp1",4.5246689914466e-07,-0.67466120187159,0.23,0.293,0.00567257751457661
"CG6231",4.72197160941529e-07,0.542324459575278,0.282,0.199,0.00591993580672395
"NijA",5.2727084673894e-07,0.983979363859599,0.114,0.057,0.0066103946055661
"4E-T",5.67077924939399e-07,-0.605593909673418,0.151,0.215,0.00710945594496525
"RtGEF",5.878129050151e-07,0.720691108811129,0.206,0.133,0.00736941039017431
"RpL10",6.29423198781167e-07,-0.373806606049644,0.402,0.47,0.0078910786431195
"Tob",6.57556757038649e-07,-0.558516567751474,0.38,0.441,0.00824378906299354
"ttk",6.77973677817381e-07,0.767163005438269,0.135,0.073,0.0084997559987965
"Pepck2",6.94979482845214e-07,1.0563564230294,0.107,0.052,0.00871295777643044
"CG9034",7.62449478595819e-07,-0.932026008066642,0.069,0.115,0.00955882911315578
"Pde8",7.81093029190703e-07,0.418925276388834,0.404,0.312,0.00979256330696385
"jing",8.91612828569445e-07,0.444665946800606,0.467,0.38,0.0111781500317751
"AGO1",9.12586040018843e-07,-0.581701206909948,0.203,0.27,0.0114410911837162
"Cul1",1.05280261502418e-06,1.06524770469708,0.106,0.052,0.0131989863845582
"CG32085",1.06500560204427e-06,0.677094501285683,0.169,0.1,0.013351975232829
"Arc1",1.07599190780377e-06,1.45316680231029,0.107,0.053,0.0134897105481359
"lncRNA:CR43650",1.09858819188811e-06,0.930767344595185,0.133,0.074,0.0137730001617012
"Tpi",1.14390192278234e-06,0.658056427740476,0.183,0.113,0.0143410984059222
"CG32486",1.2498113623025e-06,-0.375005638271811,0.479,0.537,0.0156688850491864
"CycG",1.45906736836613e-06,0.333897281805016,0.497,0.406,0.0182923275972061
"RpL11",1.5261953231632e-06,-0.432028791771052,0.356,0.424,0.019133910766497
"lncRNA:CR44999",1.54028639617032e-06,0.581468276412899,0.211,0.137,0.0193105705487874
"CG32809",1.59229477300595e-06,0.668246156078935,0.161,0.096,0.0199625995691757
"Mpcp2",1.80271392340525e-06,-0.685990605882352,0.145,0.203,0.0226006244577316
"Nost",1.95998294159531e-06,0.801163158304073,0.247,0.176,0.0245723061387803
"CG4991",1.98227471602843e-06,0.584775896742985,0.218,0.143,0.0248517781148484
"par-1",2.02580458244713e-06,0.315983382037228,0.464,0.364,0.0253975120501397
"prage",2.04845622140489e-06,-0.356700839814688,0.478,0.538,0.0256814956477531
"RpL3",2.06498007634898e-06,-0.3553388207332,0.426,0.49,0.0258886552171872
"gw",2.15679341141741e-06,-0.25673843847052,0.689,0.737,0.0270397189989401
"lap",2.16050120546556e-06,0.523093848050475,0.277,0.196,0.0270862036129218
"Bx",2.25409517863822e-06,0.526110961537019,0.231,0.157,0.0282595912545873
"pdgy",2.32660634069761e-06,0.640851902370532,0.197,0.127,0.0291686636933259
"puc",2.34470081112774e-06,-0.617180028816611,0.238,0.301,0.0293955140691084
"CG16791",2.42115764212699e-06,0.54888023251625,0.247,0.171,0.030354053359346
"SF2",2.44386293972723e-06,-0.671755112884695,0.103,0.156,0.0306387096753603
"didum",2.5388236002631e-06,-0.969090514574121,0.087,0.134,0.0318292314764985
"CG2747",2.72571944375808e-06,0.600086763422359,0.175,0.109,0.0341723446663951
"CG5028",2.80731949901374e-06,0.545642814252321,0.183,0.113,0.0351953645591353
"CG11357",2.81223489454038e-06,0.680741891691874,0.23,0.159,0.0352569888728528
"tn",2.86167874404738e-06,0.358717350101931,0.469,0.372,0.035876866414122
"Hnf4",3.05961008844849e-06,-0.509542484826678,0.264,0.329,0.0383583316788787
"Xe7",3.40234304164396e-06,0.267636149901697,0.446,0.346,0.0426551747130903
"RpL15",3.52365689884476e-06,-0.382172651270762,0.448,0.503,0.0441760865408167
"stx",3.80345292757486e-06,0.385274576404906,0.4,0.312,0.047683889353006
"ATPsynC",3.92729023216895e-06,-0.395347706222251,0.415,0.478,0.0492364376407021
"kra",4.32738188066484e-06,-0.629196854533641,0.185,0.244,0.0542523866378952
"Vha26",4.48202248316941e-06,0.569849351038212,0.196,0.128,0.0561911158714949
"dnr1",4.48360046593886e-06,0.392241466229063,0.374,0.286,0.0562108990414755
"CG40191",4.55695086128313e-06,0.6511410442114,0.202,0.135,0.0571304929479066
"Haspin",4.61142466334104e-06,0.551310354937696,0.224,0.152,0.0578134310043067
"RhoGAP102A",4.75457299543275e-06,1.16176562509176,0.105,0.055,0.0596080816437403
"KrT95D",5.44388928638186e-06,0.339621633980001,0.733,0.692,0.0682500399833694
"Sec16",5.67748899584203e-06,0.538801227491815,0.215,0.144,0.0711786795408715
"lbk",5.93134778621025e-06,0.459502057480079,0.329,0.249,0.0743613071957179
"plx",6.18933054334065e-06,-0.344141948663836,0.371,0.439,0.0775956370218617
"CG34324",6.25921181247386e-06,0.586338999939488,0.179,0.113,0.0784717384929848
"kibra",6.49983737397457e-06,-0.533124097027676,0.172,0.232,0.0814884611575191
"cmb",6.58706871253946e-06,0.850375498261599,0.109,0.059,0.0825820804491073
"Diap1",7.38145170447332e-06,0.427284841077008,0.196,0.127,0.092541260018982
"PIP4K",7.50244244936962e-06,-0.458974413202202,0.248,0.314,0.0940581209877469
"Gclc",7.71731255385092e-06,0.603842255262247,0.246,0.177,0.096751947487629
"CG12576",7.74970628537414e-06,0.566736972147383,0.24,0.167,0.0971580676997356
"Aps",7.91752345709985e-06,0.424869626717997,0.333,0.255,0.0992619915816609
"CG16700",8.22468264209898e-06,0.443726878095941,0.387,0.307,0.103112846283995
"AP-2alpha",8.80848727823049e-06,0.726323011766347,0.134,0.079,0.110432005007176
"Hsc70-3",1.0238293460128e-05,-0.681979883774135,0.16,0.215,0.128357485109625
"CHES-1-like",1.07042968673538e-05,0.32895807416597,0.428,0.343,0.134199769826014
"Flo2",1.16775270465173e-05,0.728608146803234,0.14,0.084,0.146401156582188
"Hph",1.25603202106939e-05,0.595837752573855,0.165,0.105,0.157468734481469
"Pde1c",1.26240188847903e-05,0.261039634277758,0.757,0.7,0.158267324758616
"aop",1.41111159288805e-05,-0.508980246603823,0.213,0.27,0.176911060400375
"porin",1.42565025492629e-05,0.371304858638166,0.376,0.296,0.178733772460109
"Gpdh1",1.44301565008673e-05,-0.675393677774256,0.118,0.166,0.180910872051373
"CG42542",1.46505765713776e-05,0.759836798890614,0.111,0.061,0.183674278475361
"Gbs-76A",1.58055037371752e-05,0.272893952455296,0.742,0.691,0.198153600352965
"CG13917",1.63883137194746e-05,0.68349635434953,0.144,0.088,0.205460289101053
"Act5C",1.92412197115382e-05,0.448466035915539,0.215,0.145,0.241227171523554
"MED26",2.03322516327061e-05,-0.462734617062238,0.207,0.264,0.254905438719236
"sov",2.11847418440459e-05,0.399036519193998,0.258,0.182,0.265593108498803
"Pep",2.1715532711706e-05,0.423992936470265,0.282,0.208,0.272247633606658
"CG4294",2.31741487419695e-05,0.528038668025621,0.187,0.126,0.290534302778071
"RpL4",2.37384500353624e-05,-0.417283982833595,0.312,0.372,0.297608948093338
"CG14022",2.46955802870788e-05,0.567114696926914,0.162,0.103,0.309608490059107
"CG8745",2.53540919982542e-05,0.735830263893217,0.15,0.095,0.317864251382113
"Naprt",2.69215110629532e-05,-0.440892687145648,0.246,0.304,0.337514984196244
"Cyp4d2",2.7066783989284e-05,0.52812877156583,0.186,0.125,0.339336270873653
"COX5B",2.87303894013073e-05,-0.416178036628931,0.23,0.286,0.36019289192419
"CG42700",2.91029219686209e-05,0.377853922500365,0.365,0.285,0.364863332720601
"dnc",2.92315713940318e-05,0.358170889262761,0.431,0.353,0.366476210566977
"mnd",2.9633512038661e-05,0.651402219328572,0.123,0.073,0.371515340428693
"ari-1",3.05304420131837e-05,0.488165123778388,0.19,0.127,0.382760151519284
"qvr",3.06445937867537e-05,0.308565807631615,0.338,0.259,0.384191272304531
"Tab2",3.27949288214302e-05,0.435848708197526,0.225,0.156,0.41115002263427
"COX8",3.30911916968912e-05,-0.611726804197837,0.19,0.241,0.414864270303925
"CtBP",3.47769943251977e-05,0.281000357409912,0.389,0.305,0.435999177855004
"l(2)gl",3.49630520116947e-05,-0.697791426508058,0.116,0.163,0.438331783070616
"CG14688",3.60275639350448e-05,-0.713338179741132,0.077,0.118,0.451677569053657
"Pde11",3.6471700457732e-05,0.287708709459852,0.531,0.448,0.457245708638586
"Rbp1-like",3.78723307965609e-05,-0.463732980679375,0.29,0.343,0.474805411196484
"lncRNA:CR43857",3.92548138571855e-05,-0.888057777428039,0.107,0.15,0.492137601327535
"CG46339",4.05154617867159e-05,0.935760576285462,0.105,0.06,0.507942344420057
"CG6503",4.31298204466395e-05,0.628025114386404,0.151,0.097,0.54071855893952
"ewg",4.40378009616599e-05,0.567992171003656,0.154,0.099,0.55210191065633
"aqz",4.77879198701015e-05,-0.353890826718314,0.565,0.606,0.599117151411462
"CG18304",4.94828171012609e-05,0.52636091783686,0.183,0.124,0.620366077998508
"Ubc6",5.0425517600188e-05,0.479216262961254,0.222,0.157,0.632184714153557
"CG11873",5.07548100267603e-05,-0.478378998250776,0.176,0.23,0.636313053305494
"Nlp",5.11445024963699e-05,-0.794859683569531,0.065,0.102,0.64119862779699
"ND-PDSW",5.13121269504075e-05,-0.511911154430868,0.15,0.201,0.643300135577259
"CG3262",5.15774637977786e-05,-0.752219338729765,0.071,0.11,0.646626663632751
"CG43078",5.2026564485468e-05,0.444789613511418,0.262,0.194,0.652257038954312
"DOR",5.32562169457268e-05,0.290760329263856,0.794,0.77,0.667673191848576
"CG42671",5.37545748057545e-05,-0.619720021453207,0.19,0.239,0.673921104339744
"trx",5.44365072020284e-05,-0.374209783349709,0.217,0.274,0.68247049079183
"Ca-alpha1D",5.95755082705822e-05,-0.418342746926951,0.336,0.39,0.746898147188289
"Nap1",6.0887840257966e-05,-0.706397413125497,0.105,0.148,0.76335085331412
"PAPLA1",6.09394362618828e-05,0.74473654847271,0.112,0.066,0.763997712415225
"CG3036",6.14277723126903e-05,0.832792125791735,0.124,0.076,0.770119981484198
"mtd",6.17513512527907e-05,0.373667406392459,0.372,0.3,0.774176690656237
"Tim17b",6.32524243596639e-05,-0.493725331889569,0.172,0.223,0.792995644197107
"CG14207",6.51395650842736e-05,-0.757085451955324,0.123,0.169,0.816654727461538
"CG32767",6.75733560572713e-05,0.3002905251062,0.376,0.296,0.847167164890011
"br",7.02249209139578e-05,0.510987551894699,0.199,0.139,0.880409833498289
"Pino",7.11929761069136e-05,0.549535642628227,0.286,0.219,0.892546341452376
"whd",7.2284453299089e-05,-0.466692833437584,0.205,0.258,0.906230191010679
"Lmpt",8.18712410906598e-05,0.325072969149264,0.401,0.327,1
"CG43693",8.2074567677184e-05,0.375179595717356,0.355,0.282,1
"Ucp4A",8.26738264364248e-05,0.620694108217494,0.136,0.085,1
"CG4911",8.47909201223152e-05,0.426634904892472,0.255,0.186,1
"CG1640",8.64521957894588e-05,0.74182556320774,0.103,0.059,1
"CG9896",8.77387042670178e-05,0.850165519173683,0.102,0.059,1
"swm",9.69877806672817e-05,-0.55542020689472,0.12,0.166,1
"me31B",9.81100315297184e-05,-0.601047242349957,0.13,0.176,1
"CG13907",0.000119405494353054,-0.528461255715443,0.155,0.202,1
"Fas1",0.000123792675286308,-0.252494435207669,0.621,0.658,1
"CG5597",0.000124771265682828,-0.691577135397305,0.078,0.115,1
"gol",0.000126973309195352,-0.698732543288968,0.125,0.167,1
"EndoA",0.000129672268986521,0.755623412231875,0.108,0.065,1
"Vha55",0.000132608416109575,0.476593881868231,0.186,0.129,1
"stumps",0.000134617709936307,0.518898266027673,0.187,0.13,1
"SP1173",0.000135347840127967,0.492373802591378,0.214,0.156,1
"slpr",0.000136884163883824,0.443737148271116,0.191,0.133,1
"asRNA:CR42860",0.000138476332503695,-1.12569690686984,0.114,0.156,1
"RpL9",0.000139923491012888,-0.311384622010631,0.389,0.442,1
"Mnn1",0.000142155115649576,0.567793211808604,0.121,0.075,1
"fln",0.000145139643388659,0.40579910637887,0.23,0.169,1
"Hmt4-20",0.000156074254783756,0.390978635877722,0.26,0.196,1
"wech",0.00016504320404931,0.478325136178244,0.165,0.113,1
"olf186-F",0.000167980609701908,0.629567718311311,0.125,0.08,1
"Cf2",0.000177314892159431,0.297722618571241,0.341,0.268,1
"CG5151",0.00017905924942955,0.343001466069029,0.34,0.273,1
"MRP",0.000193264214386245,0.448204838688488,0.223,0.165,1
"CG33144",0.000218800431566053,0.460002412910036,0.201,0.144,1
"Prestin",0.000220367244475931,-0.622229897860067,0.071,0.106,1
"sfl",0.000227228346038149,-0.342634469059967,0.288,0.341,1
"CLIP-190",0.000238556794625702,0.593835821080912,0.177,0.127,1
"RhoGEF2",0.000241090774870768,0.389975793762999,0.165,0.113,1
"rump",0.000248034595555344,0.658575440485955,0.105,0.064,1
"Plc21C",0.000252017056802557,0.50944591657384,0.145,0.096,1
"CAP",0.000253719656099533,0.311994764169076,0.575,0.516,1
"wdp",0.000290299513222928,0.275704017631364,0.451,0.38,1
"CG11360",0.000292516424808515,0.739642391814812,0.1,0.06,1
"CG6700",0.00030254635592925,-0.375926974353182,0.365,0.402,1
"Adar",0.000310725794934953,0.285607874927571,0.244,0.178,1
"CG10543",0.000315833195263161,-0.381882214248809,0.256,0.305,1
"pcs",0.00031923019358164,-0.490836176564533,0.249,0.294,1
"lilli",0.000327507354127086,-0.26807319336654,0.543,0.577,1
"Neb-cGP",0.000334477864116195,-0.407982352340165,0.272,0.32,1
"CG5455",0.000353386277296713,-0.480141292842206,0.185,0.231,1
"P5CDh1",0.000371807557914789,0.645907069665367,0.106,0.066,1
"CG11617",0.000378544821125171,-0.644916564771416,0.106,0.145,1
"CkIIalpha",0.000389019511329712,-0.537894839375903,0.112,0.152,1
"UQCR-C2",0.00039979077545578,-0.512419825028305,0.15,0.193,1
"CG9776",0.000406434916360806,0.456988293285135,0.213,0.159,1
"SF1",0.000413065517496102,0.394764054496981,0.182,0.13,1
"CG34220",0.000415844570464121,0.41253862843753,0.184,0.132,1
"CG4733",0.000474448016357522,-0.642738855103695,0.101,0.139,1
"wts",0.000525300447594035,0.452829895834619,0.12,0.079,1
"Rac2",0.000552142014175002,-0.694271686870208,0.098,0.135,1
"pAbp",0.000576402422237652,-0.391075728967109,0.285,0.328,1
"CG6051",0.000591894852315375,-0.569095618704059,0.088,0.124,1
"ftz-f1",0.000598543971261078,0.549972855466681,0.123,0.081,1
"Doa",0.000603517586739044,-0.259997562567331,0.703,0.711,1
"Cirl",0.000661488369677229,0.496771494675834,0.104,0.066,1
"Actn",0.000666412852679214,0.356584483024812,0.307,0.246,1
"FoxK",0.000667090090640887,0.680468742515481,0.109,0.07,1
"sky",0.000673566368081768,-0.340116688685588,0.456,0.488,1
"crc",0.000729844546574719,0.643538218282213,0.118,0.079,1
"Smr",0.000738522627951576,-0.327850660402285,0.353,0.4,1
"Kcmf1",0.000763013098778419,0.397676562567796,0.197,0.144,1
"lncRNA:roX1",0.000856468803784289,0.383856236302002,0.243,0.191,1
"tsr",0.000868875038230659,-0.432629505576274,0.178,0.221,1
"osp",0.000885221267906395,0.481238350375514,0.135,0.094,1
"dikar",0.000897373957590379,-0.492794813110967,0.115,0.152,1
"wdb",0.000908217220668951,-0.252536884779141,0.372,0.417,1
"Men-b",0.000913058445965839,-0.61714477869611,0.097,0.132,1
"CG4887",0.000924552815287518,0.438548319679022,0.131,0.089,1
"eIF1",0.000934608810267662,-0.761205500960811,0.07,0.1,1
"CG34172",0.000983013522716381,-0.441933851759551,0.172,0.214,1
"Gapvd1",0.00100354205126473,-0.612703780548435,0.08,0.112,1
"su(sable)",0.00101642387501019,0.407467064697665,0.118,0.079,1
"Pebp1",0.001026008297442,0.596764498534537,0.131,0.091,1
"Kdm4B",0.00108545856153525,0.347938387590209,0.177,0.128,1
"Fs(2)Ket",0.0011027318323882,0.310292683940455,0.183,0.132,1
"Hsc70-1",0.00112682453101838,-0.466608039552469,0.139,0.178,1
"CG11267",0.00112986093430437,-0.504865378198393,0.111,0.148,1
"vsg",0.00119415804186616,0.512803745335658,0.107,0.07,1
"CG31999",0.00123255430972422,0.269883513384525,0.375,0.307,1
"CG42337",0.00129250810273308,0.518785462315491,0.281,0.229,1
"Argk",0.00132504709763787,0.471235061942801,0.194,0.148,1
"CG13868",0.00133197455017946,0.492112773635705,0.176,0.13,1
"VhaSFD",0.00148412269340877,0.335458681007088,0.192,0.142,1
"bnl",0.0015920780137916,0.526762511833005,0.127,0.088,1
"msn",0.00170716739490556,0.333908645209106,0.235,0.182,1
"CG7630",0.00180414689510728,-0.328499607891548,0.332,0.372,1
"Map205",0.00189408966892774,0.336924586223866,0.197,0.15,1
"Tak1",0.00190429380257983,-0.611400013374636,0.109,0.142,1
"tou",0.00202344796800819,0.55303717343423,0.132,0.095,1
"RpL34a",0.00202900721979781,-0.630719262192782,0.102,0.134,1
"rudhira",0.00205475045111785,-0.28801294138592,0.394,0.431,1
"luna",0.00209407514623806,0.404749788627219,0.149,0.107,1
"Vha44",0.00210864061256186,0.280709038432777,0.416,0.35,1
"CG11050",0.00224897279791493,-0.513272609608505,0.12,0.155,1
"mt:ND1",0.0023419183505017,-0.370922380711613,0.204,0.244,1
"Vha100-2",0.00237743928476739,0.35998276046838,0.16,0.117,1
"CG13315",0.00242555101078405,-0.497938142946496,0.102,0.135,1
"RpS14b",0.00257145603116996,-0.522645565544702,0.093,0.126,1
"dom",0.00261918467077136,-0.44698007420179,0.125,0.159,1
"CG33181",0.00291887613907637,0.628665724080099,0.116,0.082,1
"eEF1gamma",0.00301385804221425,-0.479075719745163,0.15,0.185,1
"Gyg",0.00307679781380218,0.323788398493728,0.242,0.192,1
"lncRNA:CR46194",0.00308713561200724,0.339732875012894,0.24,0.193,1
"CG10948",0.00311128313615409,0.396933995963326,0.164,0.122,1
"Hrb98DE",0.00321645715350667,-0.429146837685632,0.121,0.155,1
"RpS5a",0.00325384259787765,-0.318602431606926,0.227,0.264,1
"Maf1",0.00329631320503536,0.26651180881472,0.252,0.201,1
"gpp",0.00341692011377185,-0.255625963102725,0.429,0.461,1
"lncRNA:CR43651",0.00347029686393349,-0.624361627006742,0.08,0.109,1
"CG43102",0.00360484159671259,0.307445848441701,0.255,0.202,1
"Cam",0.00361581843560094,0.354728116309166,0.281,0.233,1
"tna",0.00382739463111092,0.300428184262944,0.264,0.215,1
"ZAP3",0.0038921680395879,0.509414501414762,0.126,0.091,1
"osa",0.00392047200708454,0.289939266641647,0.29,0.237,1
"ND-13B",0.00415119867729856,-0.620312061825285,0.088,0.117,1
"asRNA:CR45479",0.00417276680077148,0.373535731625861,0.12,0.085,1
"Tnpo",0.00419935640791176,0.322807934510133,0.153,0.114,1
"PyK",0.0042157391450537,-0.491285107956345,0.136,0.17,1
"hdly",0.0043827627399242,0.414981156163404,0.136,0.099,1
"fry",0.0044791910964923,-0.301141764701844,0.222,0.261,1
"CG7139",0.00454140065597634,-0.506810336961782,0.114,0.145,1
"Efa6",0.00462677709362495,0.4723798222809,0.188,0.148,1
"mgl",0.00467179805168496,-0.538423319790098,0.091,0.12,1
"Eph",0.00470683249717113,-0.583141372810072,0.104,0.134,1
"Fum1",0.00479144984643421,0.276854214499565,0.282,0.231,1
"nonA",0.00494098942672603,0.377878430651148,0.18,0.139,1
"mt:ND5",0.00498937963267596,-0.436380625845549,0.176,0.209,1
"Nf1",0.00517307835416239,-0.485391683593258,0.11,0.14,1
"ATPsynG",0.00533815830142727,-0.355048258260103,0.27,0.303,1
"RpL29",0.00557112434247078,-0.339959210143254,0.269,0.307,1
"Samuel",0.00576277186048694,0.328265902455094,0.229,0.187,1
"CG10915",0.00590936476941068,0.269103781651628,0.179,0.136,1
"CG17691",0.00598182449426397,-0.448999448600711,0.153,0.185,1
"Slip1",0.00638399358846079,0.35365039924151,0.171,0.13,1
"Atg17",0.00641016934098724,-0.423028405451893,0.171,0.206,1
"cue",0.00670689214060185,-0.563451019273083,0.077,0.103,1
"Act57B",0.00672827968515778,0.566970789500283,0.111,0.08,1
"Tango5",0.00697157276329182,-0.457984687320803,0.076,0.102,1
"ras",0.00698011918908911,-0.450650284956648,0.122,0.152,1
"ics",0.00705709646763915,0.466352963192216,0.105,0.075,1
"Chc",0.00717593495401992,-0.389732158826356,0.177,0.21,1
"eEF1beta",0.00772575990640489,-0.320056995305798,0.229,0.264,1
"Crtc",0.00774501532447602,0.35164364983573,0.156,0.119,1
"roh",0.00783629050643731,-0.252296159515973,0.335,0.371,1
"Lsd-2",0.00819276784919407,-0.359820381747271,0.132,0.165,1
"LRP1",0.00837015259465312,-0.421442673203261,0.129,0.159,1
"Rbp1",0.00862955116432534,-0.482052077951006,0.094,0.121,1
"Dys",0.00893594244870228,0.310949347199288,0.145,0.11,1
"Cnot4",0.00896891060402196,0.251192421493446,0.21,0.165,1
"Treh",0.00931581573159627,0.546000996382289,0.163,0.129,1
"scrib",0.00956620776963541,0.309822269879712,0.231,0.186,1
"bic",0.00979870895145996,-0.297852874694912,0.16,0.194,1
"CG14073",0.00991276734060505,0.257111267026747,0.317,0.27,1
"CG5953",0.0110391619438446,0.414934910141271,0.239,0.2,1
"CG31224",0.0112626639650752,0.327115385127996,0.105,0.075,1
"eIF4A",0.0112631059061582,-0.354898510731152,0.22,0.251,1
"eEF2",0.0114830987857122,-0.258118609773657,0.373,0.401,1
"UQCR-14",0.0120365870435504,-0.317258706736108,0.266,0.293,1
"levy",0.0124577335444634,-0.327940065100327,0.311,0.336,1
"Mlc2",0.0132802822804162,0.357358652122887,0.261,0.222,1
"Ptp99A",0.0133765260536072,0.297845857915482,0.124,0.092,1
"Rho1",0.0136133076341129,0.351063198511388,0.107,0.079,1
"Zdhhc8",0.0136984162094468,0.312676146039107,0.228,0.189,1
"sina",0.013963475071663,0.316958063547679,0.107,0.079,1
"CG16826",0.0142382169577346,-0.406821562004322,0.187,0.214,1
"cdc14",0.015269259741214,-0.341277342195447,0.139,0.167,1
"UQCR-11",0.0153634970827238,-0.281134025266121,0.298,0.324,1
"Scp1",0.0169626955753826,0.600139766057982,0.122,0.095,1
"Srpk79D",0.0171888937510818,0.318307908065766,0.169,0.135,1
"hrm",0.0181216683539501,-0.364947879145375,0.143,0.171,1
"mod(mdg4)",0.0186037129971376,0.273881378483334,0.148,0.117,1
"Ptpmeg2",0.0189609893757133,-0.25341986031304,0.366,0.393,1
"Tomosyn",0.0193106522966702,0.279154466555117,0.197,0.162,1
"CG8475",0.0198344737029582,-0.350581192579839,0.194,0.222,1
"Fas2",0.0199377735310646,0.318704046995635,0.103,0.076,1
"Opa1",0.0204025592392136,0.298729594826372,0.12,0.091,1
"bel",0.0206087250894422,-0.36811852046764,0.169,0.197,1
"Mpcp1",0.021930097690017,-0.410622563051932,0.162,0.187,1
"CG30440",0.0221753126276307,0.271928840478198,0.216,0.182,1
"Gpat4",0.0224198980609633,0.339723390824847,0.122,0.094,1
"Moca-cyp",0.0233552395965322,0.356735653704531,0.162,0.13,1
"nej",0.0233572640956465,-0.270396826228207,0.249,0.278,1
"Lis-1",0.0234439968369948,-0.361309830640909,0.15,0.176,1
"HmgZ",0.0242523797758387,-0.381116180045908,0.122,0.148,1
"Dhc64C",0.0244834687791438,0.295537618595803,0.121,0.092,1
"meso18E",0.0252581802922629,0.35448424935154,0.14,0.111,1
"Paip2",0.0269984270896814,0.251581167038495,0.498,0.46,1
"CG10082",0.028643137472557,-0.284835187405871,0.218,0.244,1
"conu",0.028879601395971,0.347649816182392,0.122,0.095,1
"csw",0.0364140703896266,0.274014951363421,0.119,0.094,1
"app",0.0368210856602703,0.406318969813571,0.115,0.09,1
"Gpo1",0.0369578919664003,-0.274467415373035,0.214,0.24,1
"nmo",0.0373651860983955,-0.392627602106487,0.122,0.144,1
"RpL22",0.0374637734139065,-0.433669770448793,0.097,0.118,1
"Nadsyn",0.0375469302878699,0.270234386905704,0.123,0.096,1
"corto",0.0375843451637251,-0.31559014856696,0.103,0.126,1
"poe",0.0384295341392083,-0.444373261335148,0.134,0.156,1
"Acbp2",0.0391527956790225,0.35050839115799,0.112,0.087,1
"Acbp5",0.039860922057716,0.261866320848198,0.154,0.126,1
"trio",0.0399337680535835,-0.318051175587045,0.187,0.212,1
"UbcE2H",0.0404673486383916,0.338920830101142,0.143,0.117,1
"CG31759",0.0443653792744583,0.330829114289534,0.152,0.125,1
"CG17508",0.0451681294486982,-0.303362658189269,0.252,0.273,1
"CG15098",0.0452897131738167,0.271445865944178,0.121,0.096,1
"PlexA",0.0481827988728426,-0.355769650807396,0.205,0.225,1
"Jafrac1",0.0485296583919666,-0.3725714043416,0.135,0.156,1
"CG44774",0.0489116815062203,-0.380482363141562,0.109,0.129,1
"UBL3",0.048999026092646,-0.311610020832806,0.133,0.155,1
"Vinc",0.0496956297413572,0.475852773978391,0.102,0.081,1
"CG9705",0.0502774751432544,0.343428799290327,0.111,0.088,1
"fz2",0.0506954402912182,0.280345265894973,0.136,0.111,1
"yrt",0.0522625559272833,-0.298789961117737,0.145,0.167,1
"CG7220",0.0539057163476,0.252869063748435,0.23,0.199,1
"Rab1",0.0552149290333672,0.270583270678042,0.11,0.087,1
"CG31694",0.0569601063254675,-0.326524141608566,0.135,0.158,1
"Syx1A",0.0574533241083618,-0.26072378266895,0.249,0.27,1
"Fkbp12",0.0607423093599685,-0.454157238614754,0.115,0.134,1
"Rox8",0.0616263547568821,-0.296896457750499,0.118,0.139,1
"betaTub56D",0.0617779814956966,-0.386317441852969,0.146,0.165,1
"pho",0.0626961323271913,-0.309642457051754,0.154,0.176,1
"Rala",0.0666799372321464,-0.389735747629377,0.088,0.106,1
"Marf",0.0672138410815228,-0.302232413111766,0.212,0.231,1
"Gdap2",0.067315025882232,-0.31376799894388,0.205,0.225,1
"cass",0.0674846343758712,-0.338395965920778,0.169,0.189,1
"sws",0.0688046909054506,-0.385011546791216,0.119,0.137,1
"Df31",0.0689897740284422,-0.300862713704079,0.121,0.142,1
"sigmar",0.0716482447917039,-0.310596850800339,0.109,0.128,1
"Mitf",0.074116666488009,0.2544272557414,0.233,0.204,1
"pes",0.0769142288281246,-0.403030957830466,0.138,0.157,1
"ND-ASHI",0.0774347576058792,-0.353504398577182,0.088,0.105,1
"Ythdc1",0.0794830647465944,0.256747663847349,0.107,0.087,1
"Idh",0.0816095108033682,-0.402326680174803,0.101,0.119,1
"Sam-S",0.082079499642182,-0.311108332148549,0.219,0.239,1
"Pdhb",0.0892606848557446,0.315047805853556,0.12,0.099,1
"tyf",0.0897318540050875,0.250820996191006,0.154,0.13,1
"CG4607",0.10922300574195,0.270730833131705,0.115,0.096,1
"fwd",0.110084683133023,0.263403610285577,0.1,0.082,1
"VhaM9.7-b",0.111831865060347,-0.289511683807654,0.097,0.113,1
"IM33",0.119138538542337,-0.361188619126166,0.089,0.105,1
"ATPsynO",0.129288350256295,-0.281425297942246,0.208,0.223,1
"ND-B12",0.149380112120958,-0.274580278204037,0.172,0.187,1
"lgs",0.153398829162052,-0.277853197166098,0.132,0.147,1
"alphaTub84B",0.154662633098655,-0.301461352679732,0.189,0.202,1
"Fhos",0.155710917394922,-0.42424324375514,0.357,0.36,1
"KCNQ",0.156903169244235,-0.253172902942435,0.223,0.237,1
"ND-B16.6",0.167580158031133,-0.285278948902673,0.14,0.155,1
"mtgo",0.172163945423982,0.292923951224756,0.134,0.117,1
"ATPsynD",0.18247602240229,-0.263796701179105,0.237,0.253,1
"mts",0.187563229550788,-0.341667336191608,0.103,0.117,1
"Dek",0.187888848408528,-0.324021852633993,0.107,0.12,1
"ctrip",0.206441805424091,-0.309854152258076,0.107,0.119,1
"ND-51",0.206464978753522,-0.314800711628725,0.102,0.113,1
"SdhA",0.240665516739604,-0.254163658777178,0.145,0.157,1
"vn",0.24512210391378,-0.286439322298799,0.101,0.113,1
"His3.3B",0.255918756439857,-0.265822744255685,0.172,0.181,1
"pnt",0.288300161334247,-0.259596629993943,0.106,0.118,1
"ND-13A",0.294500225064278,-0.350846577693986,0.105,0.114,1
"Men",0.343170322164945,0.336492991270192,0.12,0.11,1
"Rilpl",0.369758942908007,-0.262394990553331,0.093,0.102,1
"cg",0.382606124415963,-0.324735184965645,0.133,0.139,1
"Pink1",0.39111585116778,-0.343019732723805,0.108,0.115,1
"CG9171",0.399678147577262,-0.297866027023339,0.108,0.115,1
"sno",0.432080880492211,-0.302996307864325,0.095,0.102,1
"CG10911",0.791934711407269,-0.268507559415315,0.102,0.102,1
"zfh1",0.955952557072102,-0.25186682146307,0.141,0.136,1
